<?xml version="1.0" encoding="UTF-8"?>
<project-private xmlns="http://www.netbeans.org/ns/project-private/1">
    <editor-bookmarks xmlns="http://www.netbeans.org/ns/editor-bookmarks/2" lastBookmarkId="0"/>
    <open-files xmlns="http://www.netbeans.org/ns/projectui-open-files/2">
        <group>
            <file>file:/run/media/kebuun/Datos/Documents/U/2º/POO/ProyectoFinal/Nuevo/Trabajo-final/jueguito/src/Nube.java</file>
            <file>file:/run/media/kebuun/Datos/Documents/U/2º/POO/ProyectoFinal/Nuevo/Trabajo-final/jueguito/src/Fondo.java</file>
            <file>file:/run/media/kebuun/Datos/Documents/U/2º/POO/ProyectoFinal/Nuevo/Trabajo-final/jueguito/src/Personaje.java</file>
            <file>file:/run/media/kebuun/Datos/Documents/U/2º/POO/ProyectoFinal/Nuevo/Trabajo-final/jueguito/src/Juego.java</file>
            <file>file:/run/media/kebuun/Datos/Documents/U/2º/POO/ProyectoFinal/Nuevo/Trabajo-final/jueguito/src/Obstaculo.java</file>
            <file>file:/run/media/kebuun/Datos/Documents/U/2º/POO/ProyectoFinal/Nuevo/Trabajo-final/jueguito/src/Ezio.java</file>
            <file>file:/run/media/kebuun/Datos/Documents/U/2º/POO/ProyectoFinal/Nuevo/Trabajo-final/jueguito/src/Principal.java</file>
        </group>
    </open-files>
</project-private>
